Activity,Year,Percentage
Pesticide,1997,87.7715
Pesticide,1996,83.8995
Pesticide,1998,83.8375
Pesticide,2003,78.1835
Pesticide,2000,86.9675
Pesticide,2004,93.293
Pesticide,2009,95.7886666667
Herbicide,1997,87.8445
Herbicide,1996,84.0445
Herbicide,1998,83.8395
Herbicide,2003,80.3965
Herbicide,2000,86.9195
Herbicide,2004,92.493
Herbicide,2009,96.4636666667
